date,time,hour,day,month,day_of_week,temperature,previous_consumption,consumption
2026-01-01,00:00:00,0,1,1,3,11.6,195.0,193.19
2026-01-01,01:00:00,1,1,1,3,10.3,193.19,181.21
2026-01-01,02:00:00,2,1,1,3,10.8,181.21,178.55
2026-01-01,03:00:00,3,1,1,3,11.3,178.55,169.43
2026-01-01,04:00:00,4,1,1,3,11.3,169.43,162.82
2026-01-01,05:00:00,5,1,1,3,12.0,162.82,163.79
2026-01-01,06:00:00,6,1,1,3,13.2,163.79,173.98
2026-01-01,07:00:00,7,1,1,3,15.9,173.98,183.63
2026-01-01,08:00:00,8,1,1,3,17.0,183.63,199.18
2026-01-01,09:00:00,9,1,1,3,19.7,199.18,202.29
2026-01-01,10:00:00,10,1,1,3,21.4,202.29,212.62
2026-01-01,11:00:00,11,1,1,3,22.1,212.62,212.91
2026-01-01,12:00:00,12,1,1,3,24.2,212.91,211.86
2026-01-01,13:00:00,13,1,1,3,23.5,211.86,207.68
2026-01-01,14:00:00,14,1,1,3,25.0,207.68,212.36
2026-01-01,15:00:00,15,1,1,3,24.7,212.36,216.65
2026-01-01,16:00:00,16,1,1,3,23.6,216.65,221.4
2026-01-01,17:00:00,17,1,1,3,22.2,221.4,214.71
2026-01-01,18:00:00,18,1,1,3,21.5,214.71,226.73
2026-01-01,19:00:00,19,1,1,3,19.8,226.73,234.05
2026-01-01,20:00:00,20,1,1,3,17.8,234.05,232.43
2026-01-01,21:00:00,21,1,1,3,15.2,232.43,234.3
2026-01-01,22:00:00,22,1,1,3,13.3,234.3,220.16
2026-01-01,23:00:00,23,1,1,3,11.9,220.16,212.39
2026-01-02,00:00:00,0,2,1,4,12.7,212.39,207.88
2026-01-02,01:00:00,1,2,1,4,,207.88,189.78
2026-01-02,02:00:00,2,2,1,4,11.2,189.78,186.99
2026-01-02,03:00:00,3,2,1,4,12.0,186.99,180.74
2026-01-02,04:00:00,4,2,1,4,11.9,180.74,178.18
2026-01-02,05:00:00,5,2,1,4,13.0,178.18,171.63
2026-01-02,06:00:00,6,2,1,4,15.8,171.63,183.24
2026-01-02,07:00:00,7,2,1,4,16.8,183.24,191.32
2026-01-02,08:00:00,8,2,1,4,19.1,191.32,206.42
2026-01-02,09:00:00,9,2,1,4,19.9,206.42,207.31
2026-01-02,10:00:00,10,2,1,4,21.7,207.31,210.71
2026-01-02,11:00:00,11,2,1,4,23.0,210.71,221.9
2026-01-02,12:00:00,12,2,1,4,25.2,221.9,218.31
2026-01-02,13:00:00,13,2,1,4,25.5,218.31,217.21
2026-01-02,14:00:00,14,2,1,4,26.2,217.21,217.87
2026-01-02,15:00:00,15,2,1,4,24.9,217.87,214.61
2026-01-02,16:00:00,16,2,1,4,24.7,214.61,212.51
2026-01-02,17:00:00,17,2,1,4,23.6,212.51,214.31
2026-01-02,18:00:00,18,2,1,4,21.9,214.31,221.68
2026-01-02,19:00:00,19,2,1,4,21.1,221.68,229.96
2026-01-02,20:00:00,20,2,1,4,17.9,229.96,229.79
2026-01-02,21:00:00,21,2,1,4,16.1,229.79,236.64
2026-01-02,22:00:00,22,2,1,4,15.5,236.64,222.88
2026-01-02,23:00:00,23,2,1,4,12.9,222.88,214.77
2026-01-03,00:00:00,0,3,1,5,13.7,214.77,205.52
2026-01-03,01:00:00,1,3,1,5,13.0,205.52,189.93
2026-01-03,02:00:00,2,3,1,5,11.2,189.93,179.25
2026-01-03,03:00:00,3,3,1,5,12.5,179.25,169.28
2026-01-03,04:00:00,4,3,1,5,12.6,169.28,163.99
2026-01-03,05:00:00,5,3,1,5,13.4,163.99,157.57
2026-01-03,06:00:00,6,3,1,5,15.4,157.57,172.62
2026-01-03,07:00:00,7,3,1,5,17.8,172.62,174.11
2026-01-03,08:00:00,8,3,1,5,19.0,174.11,182.82
2026-01-03,09:00:00,9,3,1,5,21.5,182.82,196.78
2026-01-03,10:00:00,10,3,1,5,22.2,196.78,203.25
2026-01-03,11:00:00,11,3,1,5,24.1,203.25,203.28
2026-01-03,12:00:00,12,3,1,5,25.5,203.28,203.92
2026-01-03,13:00:00,13,3,1,5,26.2,203.92,204.84
2026-01-03,14:00:00,14,3,1,5,25.2,204.84,202.09
2026-01-03,15:00:00,15,3,1,5,25.0,202.09,207.38
2026-01-03,16:00:00,16,3,1,5,25.7,207.38,210.26
2026-01-03,17:00:00,17,3,1,5,23.6,210.26,197.51
2026-01-03,18:00:00,18,3,1,5,23.1,197.51,215.21
2026-01-03,19:00:00,19,3,1,5,20.1,215.21,220.22
2026-01-03,20:00:00,20,3,1,5,18.3,220.22,226.77
2026-01-03,21:00:00,21,3,1,5,17.6,226.77,223.44
2026-01-03,22:00:00,22,3,1,5,15.5,223.44,210.58
2026-01-03,23:00:00,23,3,1,5,13.7,210.58,206.92
2026-01-04,00:00:00,0,4,1,6,12.5,206.92,197.36
2026-01-04,01:00:00,1,4,1,6,12.0,197.36,183.68
2026-01-04,02:00:00,2,4,1,6,11.2,183.68,170.28
2026-01-04,03:00:00,3,4,1,6,12.8,170.28,164.62
2026-01-04,04:00:00,4,4,1,6,12.6,164.62,159.48
2026-01-04,05:00:00,5,4,1,6,13.2,159.48,152.24
2026-01-04,06:00:00,6,4,1,6,15.0,152.24,164.77
2026-01-04,07:00:00,7,4,1,6,16.5,164.77,168.49
2026-01-04,08:00:00,8,4,1,6,18.0,168.49,
2026-01-04,09:00:00,9,4,1,6,20.1,184.59,198.35
2026-01-04,10:00:00,10,4,1,6,22.8,198.35,197.98
2026-01-04,11:00:00,11,4,1,6,23.3,197.98,205.35
2026-01-04,12:00:00,12,4,1,6,24.3,205.35,199.33
2026-01-04,13:00:00,13,4,1,6,26.2,199.33,202.34
2026-01-04,14:00:00,14,4,1,6,25.7,202.34,206.42
2026-01-04,15:00:00,15,4,1,6,26.0,206.42,202.21
2026-01-04,16:00:00,16,4,1,6,24.1,202.21,200.7
2026-01-04,17:00:00,17,4,1,6,23.6,200.7,196.21
2026-01-04,18:00:00,18,4,1,6,22.6,196.21,210.64
2026-01-04,19:00:00,19,4,1,6,21.3,210.64,212.6
2026-01-04,20:00:00,20,4,1,6,18.6,212.6,216.76
2026-01-04,21:00:00,21,4,1,6,17.5,216.76,218.38
2026-01-04,22:00:00,22,4,1,6,14.7,218.38,206.27
2026-01-04,23:00:00,23,4,1,6,13.7,206.27,196.99
2026-01-05,00:00:00,0,5,1,0,11.3,196.99,205.45
2026-01-05,01:00:00,1,5,1,0,10.9,205.45,196.46
2026-01-05,02:00:00,2,5,1,0,10.9,196.46,180.89
2026-01-05,03:00:00,3,5,1,0,11.8,180.89,179.63
2026-01-05,04:00:00,4,5,1,0,12.5,179.63,179.45
2026-01-05,05:00:00,5,5,1,0,13.4,179.45,169.65
2026-01-05,06:00:00,6,5,1,0,14.3,169.65,177.28
2026-01-05,07:00:00,7,5,1,0,15.8,177.28,179.94
2026-01-05,08:00:00,8,5,1,0,17.6,179.94,201.53
2026-01-05,09:00:00,9,5,1,0,19.2,201.53,213.15
2026-01-05,10:00:00,10,5,1,0,21.2,213.15,216.37
2026-01-05,11:00:00,11,5,1,0,23.5,216.37,226.65
2026-01-05,12:00:00,12,5,1,0,23.9,226.65,225.11
2026-01-05,13:00:00,13,5,1,0,24.0,225.11,219.13
2026-01-05,14:00:00,14,5,1,0,25.5,219.13,219.95
2026-01-05,15:00:00,15,5,1,0,24.6,219.95,221.72
2026-01-05,16:00:00,16,5,1,0,23.1,221.72,219.59
2026-01-05,17:00:00,17,5,1,0,22.7,219.59,217.58
2026-01-05,18:00:00,18,5,1,0,20.7,217.58,232.71
2026-01-05,19:00:00,19,5,1,0,18.9,232.71,233.24
2026-01-05,20:00:00,20,5,1,0,17.9,233.24,239.46
2026-01-05,21:00:00,21,5,1,0,15.6,239.46,236.84
2026-01-05,22:00:00,22,5,1,0,14.9,236.84,220.96
2026-01-05,23:00:00,23,5,1,0,13.0,220.96,216.32
2026-01-06,00:00:00,0,6,1,1,10.2,216.32,214.64
2026-01-06,01:00:00,1,6,1,1,9.7,214.64,204.07
2026-01-06,02:00:00,2,6,1,1,9.0,204.07,195.02
2026-01-06,03:00:00,3,6,1,1,9.2,195.02,185.17
2026-01-06,04:00:00,4,6,1,1,10.6,185.17,176.73
2026-01-06,05:00:00,5,6,1,1,11.2,176.73,176.29
2026-01-06,06:00:00,6,6,1,1,12.2,176.29,185.85
2026-01-06,07:00:00,7,6,1,1,15.4,185.85,196.76
2026-01-06,08:00:00,8,6,1,1,15.7,196.76,203.2
2026-01-06,09:00:00,9,6,1,1,17.9,203.2,216.03
2026-01-06,10:00:00,10,6,1,1,20.5,216.03,223.72
2026-01-06,11:00:00,11,6,1,1,21.2,223.72,220.06
2026-01-06,12:00:00,12,6,1,1,23.0,220.06,219.86
2026-01-06,13:00:00,13,6,1,1,23.4,219.86,223.48
2026-01-06,14:00:00,14,6,1,1,23.7,223.48,214.34
2026-01-06,15:00:00,15,6,1,1,23.7,214.34,211.9
2026-01-06,16:00:00,16,6,1,1,22.7,211.9,217.11
2026-01-06,17:00:00,17,6,1,1,20.8,217.11,206.51
2026-01-06,18:00:00,18,6,1,1,19.3,206.51,220.62
2026-01-06,19:00:00,19,6,1,1,17.9,220.62,230.41
2026-01-06,20:00:00,20,6,1,1,16.8,230.41,231.96
2026-01-06,21:00:00,21,6,1,1,14.8,231.96,233.82
2026-01-06,22:00:00,22,6,1,1,12.9,233.82,228.17
2026-01-06,23:00:00,23,6,1,1,12.0,228.17,215.31
2026-01-07,00:00:00,0,7,1,2,8.8,215.31,211.18
2026-01-07,01:00:00,1,7,1,2,7.4,211.18,201.31
2026-01-07,02:00:00,2,7,1,2,8.2,201.31,188.28
2026-01-07,03:00:00,3,7,1,2,8.6,188.28,183.03
2026-01-07,04:00:00,4,7,1,2,8.8,183.03,172.99
2026-01-07,05:00:00,5,7,1,2,9.3,172.99,176.63
2026-01-07,06:00:00,6,7,1,2,12.1,176.63,999.0
2026-01-07,07:00:00,7,7,1,2,13.7,187.18,193.48
2026-01-07,08:00:00,8,7,1,2,14.4,193.48,200.42
2026-01-07,09:00:00,9,7,1,2,16.5,200.42,213.81
2026-01-07,10:00:00,10,7,1,2,18.9,213.81,222.05
2026-01-07,11:00:00,11,7,1,2,20.5,222.05,219.6
2026-01-07,12:00:00,12,7,1,2,20.6,219.6,211.47
2026-01-07,13:00:00,13,7,1,2,22.2,211.47,215.74
2026-01-07,14:00:00,14,7,1,2,21.8,215.74,215.18
2026-01-07,15:00:00,15,7,1,2,21.2,215.18,218.53
2026-01-07,16:00:00,16,7,1,2,21.6,218.53,221.26
2026-01-07,17:00:00,17,7,1,2,20.4,221.26,218.4
2026-01-07,18:00:00,18,7,1,2,17.7,218.4,230.55
2026-01-07,19:00:00,19,7,1,2,16.5,230.55,240.78
2026-01-07,20:00:00,20,7,1,2,15.4,240.78,246.63
2026-01-07,21:00:00,21,7,1,2,13.6,246.63,244.14
2026-01-07,22:00:00,22,7,1,2,11.9,244.14,225.94
2026-01-07,23:00:00,23,7,1,2,10.6,225.94,223.94
2026-01-08,00:00:00,0,8,1,3,7.2,223.94,224.27
2026-01-08,01:00:00,1,8,1,3,6.9,224.27,204.54
2026-01-08,02:00:00,2,8,1,3,7.2,204.54,190.6
2026-01-08,03:00:00,3,8,1,3,6.2,190.6,181.75
2026-01-08,04:00:00,4,8,1,3,7.4,181.75,183.3
2026-01-08,05:00:00,5,8,1,3,9.5,183.3,175.96
2026-01-08,06:00:00,6,8,1,3,10.5,175.96,186.01
2026-01-08,07:00:00,7,8,1,3,12.7,186.01,192.79
2026-01-08,08:00:00,8,8,1,3,14.4,192.79,199.83
2026-01-08,09:00:00,9,8,1,3,16.3,199.83,204.78
2026-01-08,10:00:00,10,8,1,3,18.0,204.78,209.04
2026-01-08,11:00:00,11,8,1,3,18.1,209.04,213.84
2026-01-08,12:00:00,12,8,1,3,20.2,213.84,210.26
2026-01-08,13:00:00,13,8,1,3,20.7,210.26,210.31
2026-01-08,14:00:00,14,8,1,3,20.5,210.31,211.12
2026-01-08,15:00:00,15,8,1,3,20.1,211.12,213.23
2026-01-08,16:00:00,16,8,1,3,19.0,213.23,217.21
2026-01-08,17:00:00,17,8,1,3,18.7,217.21,213.82
2026-01-08,18:00:00,18,8,1,3,17.6,213.82,226.78
2026-01-08,19:00:00,19,8,1,3,15.3,226.78,228.0
2026-01-08,20:00:00,20,8,1,3,14.0,228.0,232.54
2026-01-08,21:00:00,21,8,1,3,11.6,232.54,243.22
2026-01-08,22:00:00,22,8,1,3,10.6,243.22,228.47
2026-01-08,23:00:00,23,8,1,3,8.5,228.47,221.5
2026-01-09,00:00:00,0,9,1,4,6.8,221.5,216.69
2026-01-09,01:00:00,1,9,1,4,5.7,216.69,201.75
2026-01-09,02:00:00,2,9,1,4,6.8,201.75,194.43
2026-01-09,03:00:00,3,9,1,4,7.0,194.43,188.81
2026-01-09,04:00:00,4,9,1,4,6.7,188.81,184.53
2026-01-09,05:00:00,5,9,1,4,7.3,184.53,178.24
2026-01-09,06:00:00,6,9,1,4,9.5,178.24,190.28
2026-01-09,07:00:00,7,9,1,4,11.5,190.28,195.47
2026-01-09,08:00:00,8,9,1,4,13.0,195.47,203.63
2026-01-09,09:00:00,9,9,1,4,14.8,203.63,216.05
2026-01-09,10:00:00,10,9,1,4,17.0,216.05,215.22
2026-01-09,11:00:00,11,9,1,4,17.4,215.22,218.83
2026-01-09,12:00:00,12,9,1,4,19.3,218.83,213.76
2026-01-09,13:00:00,13,9,1,4,20.3,213.76,215.46
2026-01-09,14:00:00,14,9,1,4,20.3,215.46,210.24
2026-01-09,15:00:00,15,9,1,4,19.3,210.24,204.45
2026-01-09,16:00:00,16,9,1,4,18.7,204.45,206.09
2026-01-09,17:00:00,17,9,1,4,18.6,206.09,198.83
2026-01-09,18:00:00,18,9,1,4,16.4,198.83,5.0
2026-01-09,19:00:00,19,9,1,4,14.4,216.55,229.24
2026-01-09,20:00:00,20,9,1,4,13.1,229.24,232.88
2026-01-09,21:00:00,21,9,1,4,11.5,232.88,233.39
2026-01-09,22:00:00,22,9,1,4,10.0,233.39,228.09
2026-01-09,23:00:00,23,9,1,4,7.5,228.09,222.09
2026-01-10,00:00:00,0,10,1,5,6.5,222.09,219.96
2026-01-10,01:00:00,1,10,1,5,6.4,219.96,193.74
2026-01-10,02:00:00,2,10,1,5,5.7,193.74,186.72
2026-01-10,03:00:00,3,10,1,5,6.3,186.72,181.22
2026-01-10,04:00:00,4,10,1,5,7.3,181.22,179.25
2026-01-10,05:00:00,5,10,1,5,8.3,179.25,176.88
2026-01-10,06:00:00,6,10,1,5,10.2,176.88,184.1
2026-01-10,07:00:00,7,10,1,5,11.7,184.1,186.55
2026-01-10,08:00:00,8,10,1,5,13.7,186.55,196.15
2026-01-10,09:00:00,9,10,1,5,15.6,196.15,203.92
2026-01-10,10:00:00,10,10,1,5,16.6,203.92,203.16
2026-01-10,11:00:00,11,10,1,5,17.7,203.16,207.21
2026-01-10,12:00:00,12,10,1,5,19.6,207.21,203.19
2026-01-10,13:00:00,13,10,1,5,20.1,203.19,197.62
2026-01-10,14:00:00,14,10,1,5,19.4,197.62,194.13
2026-01-10,15:00:00,15,10,1,5,19.5,194.13,192.27
2026-01-10,16:00:00,16,10,1,5,19.2,192.27,188.89
2026-01-10,17:00:00,17,10,1,5,17.6,188.89,189.86
2026-01-10,18:00:00,18,10,1,5,17.0,189.86,198.68
2026-01-10,19:00:00,19,10,1,5,14.8,198.68,210.28
2026-01-10,20:00:00,20,10,1,5,13.0,210.28,214.92
2026-01-10,21:00:00,21,10,1,5,11.2,214.92,227.45
2026-01-10,22:00:00,22,10,1,5,9.8,227.45,218.21
2026-01-10,23:00:00,23,10,1,5,8.7,218.21,213.74
2026-01-11,00:00:00,0,11,1,6,7.6,213.74,202.41
2026-01-11,01:00:00,1,11,1,6,6.9,202.41,190.46
2026-01-11,02:00:00,2,11,1,6,7.4,190.46,184.78
2026-01-11,03:00:00,3,11,1,6,7.0,184.78,178.87
2026-01-11,04:00:00,4,11,1,6,7.9,178.87,172.73
2026-01-11,05:00:00,5,11,1,6,8.5,172.73,163.75
2026-01-11,06:00:00,6,11,1,6,10.3,163.75,168.5
2026-01-11,07:00:00,7,11,1,6,11.8,168.5,178.44
2026-01-11,08:00:00,8,11,1,6,13.7,178.44,186.29
2026-01-11,09:00:00,9,11,1,6,15.6,186.29,190.12
2026-01-11,10:00:00,10,11,1,6,17.6,190.12,191.4
2026-01-11,11:00:00,11,11,1,6,18.7,191.4,198.68
2026-01-11,12:00:00,12,11,1,6,19.2,198.68,199.1
2026-01-11,13:00:00,13,11,1,6,20.1,199.1,197.21
2026-01-11,14:00:00,14,11,1,6,20.2,197.21,194.99
2026-01-11,15:00:00,15,11,1,6,20.2,194.99,192.92
2026-01-11,16:00:00,16,11,1,6,20.4,192.92,192.2
2026-01-11,17:00:00,17,11,1,6,19.2,192.2,193.66
2026-01-11,18:00:00,18,11,1,6,17.0,193.66,201.36
2026-01-11,19:00:00,19,11,1,6,14.9,201.36,211.92
2026-01-11,20:00:00,20,11,1,6,14.7,211.92,216.64
2026-01-11,21:00:00,21,11,1,6,12.3,216.64,226.39
2026-01-11,22:00:00,22,11,1,6,10.6,226.39,217.73
2026-01-11,23:00:00,23,11,1,6,9.7,217.73,206.01
2026-01-12,00:00:00,0,12,1,0,8.3,206.01,203.96
2026-01-12,01:00:00,1,12,1,0,7.8,203.96,195.14
2026-01-12,02:00:00,2,12,1,0,8.3,195.14,183.68
2026-01-12,03:00:00,3,12,1,0,8.7,183.68,182.56
2026-01-12,04:00:00,4,12,1,0,8.6,182.56,179.98
2026-01-12,05:00:00,5,12,1,0,10.6,179.98,171.13
2026-01-12,06:00:00,6,12,1,0,12.2,171.13,188.58
2026-01-12,07:00:00,7,12,1,0,12.7,188.58,188.33
2026-01-12,08:00:00,8,12,1,0,14.9,188.33,203.36
2026-01-12,09:00:00,9,12,1,0,17.7,203.36,209.69
2026-01-12,10:00:00,10,12,1,0,19.0,209.69,209.96
2026-01-12,11:00:00,11,12,1,0,20.4,209.96,216.75
2026-01-12,12:00:00,12,12,1,0,20.6,216.75,217.66
2026-01-12,13:00:00,13,12,1,0,22.5,217.66,216.62
2026-01-12,14:00:00,14,12,1,0,21.6,216.62,220.11
2026-01-12,15:00:00,15,12,1,0,22.4,220.11,215.09
2026-01-12,16:00:00,16,12,1,0,21.1,215.09,211.76
2026-01-12,17:00:00,17,12,1,0,20.1,211.76,205.74
2026-01-12,18:00:00,18,12,1,0,19.2,205.74,223.35
2026-01-12,19:00:00,19,12,1,0,16.3,223.35,236.46
2026-01-12,20:00:00,20,12,1,0,15.4,236.46,243.39
2026-01-12,21:00:00,21,12,1,0,13.7,243.39,244.0
2026-01-12,22:00:00,22,12,1,0,12.0,244.0,236.08
2026-01-12,23:00:00,23,12,1,0,9.8,236.08,230.43
2026-01-13,00:00:00,0,13,1,1,10.6,230.43,222.35
2026-01-13,01:00:00,1,13,1,1,9.8,222.35,206.58
2026-01-13,02:00:00,2,13,1,1,9.3,206.58,198.09
2026-01-13,03:00:00,3,13,1,1,10.4,198.09,182.7
2026-01-13,04:00:00,4,13,1,1,11.2,182.7,174.08
2026-01-13,05:00:00,5,13,1,1,11.6,174.08,172.62
2026-01-13,06:00:00,6,13,1,1,13.0,172.62,177.81
2026-01-13,07:00:00,7,13,1,1,15.4,177.81,181.76
2026-01-13,08:00:00,8,13,1,1,16.2,181.76,200.47
2026-01-13,09:00:00,9,13,1,1,18.2,200.47,213.62
2026-01-13,10:00:00,10,13,1,1,20.5,213.62,214.92
2026-01-13,11:00:00,11,13,1,1,20.8,214.92,223.82
2026-01-13,12:00:00,12,13,1,1,22.0,223.82,221.62
2026-01-13,13:00:00,13,13,1,1,23.4,221.62,221.88
2026-01-13,14:00:00,14,13,1,1,24.0,221.88,221.22
2026-01-13,15:00:00,15,13,1,1,23.4,221.22,222.03
2026-01-13,16:00:00,16,13,1,1,22.1,222.03,214.57
2026-01-13,17:00:00,17,13,1,1,21.9,214.57,207.14
2026-01-13,18:00:00,18,13,1,1,20.3,207.14,220.07
2026-01-13,19:00:00,19,13,1,1,18.5,220.07,227.9
2026-01-13,20:00:00,20,13,1,1,17.0,227.9,231.85
2026-01-13,21:00:00,21,13,1,1,15.2,231.85,233.7
2026-01-13,22:00:00,22,13,1,1,12.7,233.7,218.8
2026-01-13,23:00:00,23,13,1,1,11.2,218.8,210.05
2026-01-14,00:00:00,0,14,1,2,12.0,210.05,211.57
2026-01-14,01:00:00,1,14,1,2,10.7,211.57,192.83
2026-01-14,02:00:00,2,14,1,2,10.9,192.83,186.62
2026-01-14,03:00:00,3,14,1,2,12.0,186.62,179.49
2026-01-14,04:00:00,4,14,1,2,11.6,179.49,170.02
2026-01-14,05:00:00,5,14,1,2,12.5,170.02,164.82
2026-01-14,06:00:00,6,14,1,2,14.0,164.82,171.93
2026-01-14,07:00:00,7,14,1,2,16.2,171.93,179.05
2026-01-14,08:00:00,8,14,1,2,18.7,179.05,195.77
2026-01-14,09:00:00,9,14,1,2,20.1,195.77,201.52
2026-01-14,10:00:00,10,14,1,2,22.1,201.52,209.72
2026-01-14,11:00:00,11,14,1,2,23.5,209.72,217.27
2026-01-14,12:00:00,12,14,1,2,24.0,217.27,215.76
2026-01-14,13:00:00,13,14,1,2,24.2,215.76,210.29
2026-01-14,14:00:00,14,14,1,2,25.7,210.29,213.16
2026-01-14,15:00:00,15,14,1,2,25.2,213.16,213.66
2026-01-14,16:00:00,16,14,1,2,23.4,213.66,215.16
2026-01-14,17:00:00,17,14,1,2,22.2,215.16,205.82
2026-01-14,18:00:00,18,14,1,2,21.6,205.82,217.18
2026-01-14,19:00:00,19,14,1,2,20.6,217.18,222.34
2026-01-14,20:00:00,20,14,1,2,18.4,222.34,231.55
2026-01-14,21:00:00,21,14,1,2,16.6,231.55,232.97
2026-01-14,22:00:00,22,14,1,2,14.5,232.97,221.15
2026-01-14,23:00:00,23,14,1,2,12.9,221.15,219.39
2026-01-15,00:00:00,0,15,1,3,13.5,219.39,211.21
2026-01-15,01:00:00,1,15,1,3,12.2,211.21,196.37
2026-01-15,02:00:00,2,15,1,3,12.2,196.37,190.78
2026-01-15,03:00:00,3,15,1,3,11.6,190.78,178.68
2026-01-15,04:00:00,4,15,1,3,13.0,178.68,169.29
2026-01-15,05:00:00,5,15,1,3,13.3,169.29,162.01
2026-01-15,06:00:00,6,15,1,3,14.5,162.01,175.03
2026-01-15,07:00:00,7,15,1,3,17.2,175.03,181.26
2026-01-15,08:00:00,8,15,1,3,18.4,181.26,199.05
2026-01-15,09:00:00,9,15,1,3,21.0,199.05,207.58
2026-01-15,10:00:00,10,15,1,3,22.6,207.58,219.29
2026-01-15,11:00:00,11,15,1,3,24.2,219.29,224.71
2026-01-15,12:00:00,12,15,1,3,25.1,224.71,227.48
2026-01-15,13:00:00,13,15,1,3,25.5,227.48,224.96
2026-01-15,14:00:00,14,15,1,3,26.1,224.96,228.21
2026-01-15,15:00:00,15,15,1,3,26.1,228.21,220.28
2026-01-15,16:00:00,16,15,1,3,24.3,220.28,216.39
2026-01-15,17:00:00,17,15,1,3,24.2,216.39,213.41
2026-01-15,18:00:00,18,15,1,3,22.0,213.41,219.96
2026-01-15,19:00:00,19,15,1,3,20.9,219.96,231.12
2026-01-15,20:00:00,20,15,1,3,19.5,231.12,235.98
2026-01-15,21:00:00,21,15,1,3,17.0,235.98,234.1
2026-01-15,22:00:00,22,15,1,3,14.6,234.1,221.6
2026-01-15,23:00:00,23,15,1,3,13.6,221.6,211.93
2026-01-02,16:00:00,16,2,1,4,24.7,214.61,212.51
2026-01-06,00:00:00,0,6,1,1,10.2,216.32,214.64
